{"cameraMode":{"drawMode":0,"name":"Shaded","section":"Shading Mode"},"sceneLighting":true,"audioPlay":false,"sceneViewState":{"showFog":false,"showMaterialUpdate":false,"showSkybox":false,"showFlares":false,"showImageEffects":false,"showParticleSystems":false},"in2DMode":false,"pivot":{"x":-5.3524980545043949,"y":1.6452999114990235,"z":6.267012596130371},"rotation":{"x":0.017652809619903566,"y":-0.19520676136016847,"z":-0.003513916628435254,"w":-0.9805969595909119},"size":18.597320556640626,"orthographic":true}